Epoch,Train SS Loss,Train Reg Loss,Val Loss,Smoothed Val Loss
1,0.1270,0.0000,0.1275,0.1275
2,0.1231,0.0000,0.1274,0.1274
3,0.1170,0.0000,0.1175,0.1241
4,0.1141,0.0000,0.1072,0.1199
5,0.1120,0.0001,0.1105,0.1180
6,0.1106,0.0001,0.1099,0.1167
7,0.1064,0.0002,0.1112,0.1159
8,0.1095,0.0003,0.1020,0.1141
9,0.1059,0.0004,0.1158,0.1143
10,0.1081,0.0005,0.1096,0.1139
11,0.1073,0.0007,0.1053,0.1116
12,0.1047,0.0008,0.1091,0.1098
13,0.1062,0.0010,0.1123,0.1093
14,0.1062,0.0012,0.1054,0.1091
15,0.1041,0.0013,0.1074,0.1088
16,0.1067,0.0015,0.1051,0.1083
17,0.1018,0.0016,0.1077,0.1080
18,0.1059,0.0018,0.1127,0.1090
19,0.1048,0.0019,0.1058,0.1080
20,0.1055,0.0021,0.1021,0.1073
21,0.1045,0.0022,0.1069,0.1075
22,0.1036,0.0024,0.1050,0.1070
23,0.1024,0.0025,0.1055,0.1064
24,0.1060,0.0026,0.1014,0.1060
25,0.1045,0.0027,0.1039,0.1056
26,0.1054,0.0029,0.1113,0.1062
27,0.1043,0.0030,0.1061,0.1061
28,0.1050,0.0031,0.1035,0.1051
29,0.1047,0.0032,0.0997,0.1045
30,0.1037,0.0033,0.1024,0.1046
31,0.1027,0.0034,0.1086,0.1047
32,0.1007,0.0035,0.1065,0.1049
33,0.1040,0.0036,0.1114,0.1055
34,0.1028,0.0037,0.1030,0.1056
35,0.1031,0.0038,0.1091,0.1062
36,0.1033,0.0039,0.1124,0.1063
37,0.1018,0.0039,0.0999,0.1057
38,0.1020,0.0040,0.1042,0.1057
39,0.1031,0.0040,0.1075,0.1065
40,0.1043,0.0041,0.1104,0.1073
41,0.1017,0.0041,0.1143,0.1079
42,0.1066,0.0042,0.1001,0.1072
43,0.1036,0.0042,0.1023,0.1063
44,0.1017,0.0042,0.1007,0.1061
45,0.1009,0.0042,0.0962,0.1048
46,0.1040,0.0043,0.0996,0.1035
47,0.1032,0.0043,0.0918,0.1027
48,0.1057,0.0043,0.1017,0.1024
49,0.1034,0.0043,0.1104,0.1027
50,0.1000,0.0044,0.1041,0.1021
51,0.1037,0.0044,0.0951,0.1002
52,0.1037,0.0044,0.0975,0.0999
53,0.1014,0.0044,0.1119,0.1009
54,0.1008,0.0044,0.1008,0.1009
55,0.1012,0.0044,0.1044,0.1017
56,0.1026,0.0045,0.0998,0.1017
57,0.1028,0.0045,0.1088,0.1034
58,0.1006,0.0045,0.1025,0.1035
59,0.1017,0.0045,0.1050,0.1030
60,0.1021,0.0045,0.0997,0.1026
61,0.1016,0.0045,0.1045,0.1035
62,0.1041,0.0045,0.1039,0.1041
63,0.1039,0.0046,0.1116,0.1041
64,0.1032,0.0046,0.1048,0.1045
65,0.1027,0.0046,0.1042,0.1045
66,0.1025,0.0046,0.1091,0.1054
67,0.1015,0.0046,0.1008,0.1046
68,0.1012,0.0046,0.1040,0.1048
69,0.1034,0.0046,0.1044,0.1047
70,0.1021,0.0046,0.1068,0.1054
71,0.1006,0.0046,0.1071,0.1057
72,0.1012,0.0046,0.1033,0.1056
73,0.1008,0.0046,0.1065,0.1051
74,0.1036,0.0046,0.1024,0.1049
75,0.1024,0.0046,0.1052,0.1050
76,0.1032,0.0046,0.0976,0.1038
77,0.0996,0.0046,0.1006,0.1038
78,0.1025,0.0046,0.0978,0.1032
79,0.1014,0.0046,0.1053,0.1033
80,0.1012,0.0047,0.1099,0.1036
81,0.1011,0.0047,0.0987,0.1027
82,0.1040,0.0047,0.1045,0.1028
83,0.0999,0.0047,0.1045,0.1026
84,0.1013,0.0047,0.0990,0.1023
85,0.1044,0.0047,0.1007,0.1019
86,0.1033,0.0047,0.1103,0.1031
87,0.1025,0.0047,0.0997,0.1030
88,0.1021,0.0047,0.0998,0.1032
89,0.1021,0.0047,0.1060,0.1033
90,0.1016,0.0047,0.1015,0.1025
91,0.1034,0.0047,0.0931,0.1019
92,0.1032,0.0047,0.1068,0.1021
93,0.0982,0.0047,0.1025,0.1019
94,0.1020,0.0047,0.1050,0.1025
95,0.1014,0.0047,0.0960,0.1021
96,0.1021,0.0047,0.1043,0.1015
97,0.1033,0.0047,0.1096,0.1025
98,0.1000,0.0047,0.1005,0.1025
99,0.1012,0.0047,0.0952,0.1014
100,0.1021,0.0047,0.1006,0.1013
