Epoch,Train Loss,Val Loss,Smoothed Val Loss
1,0.1359,0.1375,0.1375
2,0.1371,0.1221,0.1298
3,0.1359,0.1361,0.1319
4,0.1335,0.1237,0.1298
5,0.1296,0.1272,0.1293
6,0.1276,0.1214,0.1280
7,0.1326,0.1292,0.1282
8,0.1299,0.1317,0.1286
9,0.1370,0.1368,0.1295
10,0.1312,0.1193,0.1285
11,0.1328,0.1320,0.1280
12,0.1306,0.1353,0.1293
13,0.1328,0.1364,0.1293
14,0.1322,0.1307,0.1300
15,0.1306,0.1357,0.1308
16,0.1329,0.1341,0.1321
17,0.1287,0.1360,0.1328
18,0.1306,0.1114,0.1308
19,0.1280,0.1418,0.1313
20,0.1259,0.1269,0.1320
21,0.1300,0.1447,0.1333
