Epoch,Train Distill Loss,Val Distill Loss,Smoothed Val Loss
1,1.1359,1.0589,1.0589
2,0.9901,0.8930,0.9760
3,0.8678,0.7734,0.9084
4,0.7003,0.5036,0.8072
5,0.4204,0.3635,0.7185
6,0.3495,0.3375,0.6550
7,0.3348,0.3372,0.6096
8,0.3289,0.3314,0.5748
9,0.3164,0.3137,0.5458
10,0.3129,0.3030,0.5215
11,0.3170,0.3110,0.4467
12,0.3121,0.3029,0.3877
13,0.3057,0.2988,0.3402
14,0.2975,0.2862,0.3185
15,0.2975,0.2823,0.3104
16,0.2998,0.2983,0.3065
17,0.2981,0.2921,0.3020
18,0.2968,0.3005,0.2989
19,0.2949,0.2868,0.2962
20,0.2987,0.2910,0.2950
21,0.2969,0.3003,0.2939
22,0.2876,0.2860,0.2922
23,0.2806,0.2666,0.2890
24,0.2843,0.2747,0.2879
25,0.2759,0.2813,0.2878
26,0.2677,0.2575,0.2837
27,0.2696,0.2522,0.2797
28,0.2590,0.2528,0.2749
29,0.2452,0.2445,0.2707
30,0.2383,0.2361,0.2652
31,0.2295,0.2236,0.2575
32,0.2217,0.2245,0.2514
33,0.2222,0.2082,0.2455
34,0.2100,0.2071,0.2388
35,0.2023,0.2089,0.2315
36,0.2020,0.1963,0.2254
37,0.1976,0.1881,0.2190
38,0.1926,0.1871,0.2124
39,0.1907,0.1934,0.2073
40,0.1891,0.1759,0.2013
41,0.1774,0.1727,0.1962
42,0.1742,0.1761,0.1914
43,0.1735,0.1729,0.1878
44,0.1705,0.1623,0.1834
45,0.1710,0.1790,0.1804
46,0.1690,0.1642,0.1772
47,0.1619,0.1550,0.1739
48,0.1582,0.1549,0.1706
49,0.1571,0.1505,0.1663
50,0.1550,0.1549,0.1642
51,0.1540,0.1533,0.1623
52,0.1517,0.1516,0.1599
53,0.1502,0.1470,0.1573
54,0.1491,0.1432,0.1553
55,0.1461,0.1422,0.1517
56,0.1446,0.1439,0.1496
57,0.1411,0.1459,0.1487
58,0.1415,0.1387,0.1471
59,0.1421,0.1413,0.1462
60,0.1387,0.1379,0.1445
61,0.1384,0.1385,0.1430
62,0.1364,0.1344,0.1413
63,0.1338,0.1339,0.1400
64,0.1330,0.1358,0.1392
65,0.1331,0.1366,0.1387
66,0.1335,0.1360,0.1379
67,0.1301,0.1286,0.1362
68,0.1309,0.1323,0.1355
69,0.1315,0.1321,0.1346
70,0.1313,0.1270,0.1335
71,0.1279,0.1283,0.1325
72,0.1276,0.1270,0.1318
73,0.1282,0.1267,0.1310
74,0.1249,0.1235,0.1298
75,0.1263,0.1234,0.1285
76,0.1254,0.1269,0.1276
77,0.1232,0.1243,0.1272
78,0.1230,0.1254,0.1265
79,0.1233,0.1247,0.1257
80,0.1233,0.1228,0.1253
81,0.1208,0.1212,0.1246
82,0.1211,0.1216,0.1240
83,0.1206,0.1190,0.1233
84,0.1181,0.1228,0.1232
85,0.1197,0.1174,0.1226
86,0.1188,0.1161,0.1215
87,0.1172,0.1153,0.1206
88,0.1173,0.1190,0.1200
89,0.1180,0.1177,0.1193
90,0.1160,0.1187,0.1189
91,0.1168,0.1193,0.1187
92,0.1136,0.1157,0.1181
93,0.1130,0.1136,0.1176
94,0.1139,0.1149,0.1168
95,0.1146,0.1138,0.1164
96,0.1123,0.1154,0.1163
97,0.1127,0.1100,0.1158
98,0.1102,0.1114,0.1150
99,0.1122,0.1139,0.1147
100,0.1090,0.1145,0.1142
101,0.1107,0.1174,0.1141
102,0.1094,0.1129,0.1138
103,0.1099,0.1115,0.1136
104,0.1096,0.1138,0.1135
105,0.1077,0.1096,0.1130
106,0.1097,0.1116,0.1127
107,0.1076,0.1082,0.1125
108,0.1091,0.1087,0.1122
109,0.1055,0.1091,0.1117
110,0.1060,0.1080,0.1111
111,0.1055,0.1091,0.1102
112,0.1061,0.1065,0.1096
113,0.1052,0.1051,0.1090
114,0.1050,0.1082,0.1084
115,0.1055,0.1057,0.1080
116,0.1053,0.1081,0.1076
117,0.1058,0.1121,0.1080
118,0.1054,0.1072,0.1079
119,0.1056,0.1037,0.1074
120,0.1035,0.1053,0.1071
121,0.1061,0.1028,0.1065
122,0.1021,0.1070,0.1065
123,0.1020,0.1047,0.1065
124,0.1035,0.1039,0.1061
125,0.1019,0.1015,0.1056
126,0.1029,0.1044,0.1053
127,0.1013,0.1031,0.1044
128,0.1024,0.1011,0.1038
129,0.1010,0.1051,0.1039
130,0.0988,0.1029,0.1037
131,0.0997,0.1056,0.1039
132,0.0982,0.1044,0.1037
133,0.1001,0.1016,0.1034
134,0.0990,0.1000,0.1030
135,0.0988,0.1035,0.1032
136,0.0992,0.1032,0.1030
137,0.0999,0.0998,0.1027
138,0.0966,0.1008,0.1027
139,0.1006,0.0990,0.1021
140,0.0976,0.0996,0.1018
141,0.0970,0.1027,0.1015
142,0.0980,0.1005,0.1011
143,0.0965,0.1011,0.1010
144,0.0964,0.1001,0.1010
145,0.0959,0.1031,0.1010
146,0.0976,0.0978,0.1005
147,0.0972,0.0989,0.1004
148,0.0949,0.1015,0.1004
149,0.0953,0.0984,0.1004
150,0.0963,0.0980,0.1002
151,0.0945,0.1013,0.1001
152,0.0953,0.1008,0.1001
153,0.0947,0.0968,0.0997
154,0.0942,0.0974,0.0994
155,0.0946,0.0973,0.0988
156,0.0932,0.0953,0.0986
157,0.0959,0.0966,0.0983
158,0.0939,0.0990,0.0981
159,0.0940,0.0948,0.0977
160,0.0931,0.1008,0.0980
161,0.0925,0.0962,0.0975
162,0.0930,0.0979,0.0972
163,0.0910,0.0992,0.0974
164,0.0901,0.0991,0.0976
165,0.0906,0.0985,0.0977
166,0.0914,0.0960,0.0978
167,0.0909,0.0984,0.0980
168,0.0913,0.0950,0.0976
169,0.0900,0.0988,0.0980
170,0.0899,0.0946,0.0974
171,0.0891,0.0963,0.0974
172,0.0911,0.0951,0.0971
173,0.0891,0.0964,0.0968
174,0.0897,0.0942,0.0963
175,0.0924,0.0963,0.0961
176,0.0898,0.0930,0.0958
177,0.0888,0.0910,0.0951
178,0.0885,0.0918,0.0948
179,0.0884,0.0931,0.0942
180,0.0885,0.0949,0.0942
181,0.0892,0.0946,0.0940
182,0.0900,0.0905,0.0936
183,0.0883,0.0926,0.0932
184,0.0887,0.0919,0.0930
185,0.0872,0.0923,0.0926
186,0.0874,0.0918,0.0925
187,0.0845,0.0915,0.0925
188,0.0879,0.0922,0.0926
189,0.0884,0.0899,0.0922
190,0.0881,0.0922,0.0920
191,0.0872,0.0914,0.0916
192,0.0861,0.0906,0.0917
193,0.0842,0.0961,0.0920
194,0.0875,0.0895,0.0918
195,0.0854,0.0921,0.0918
196,0.0862,0.0896,0.0915
197,0.0849,0.0903,0.0914
198,0.0843,0.0899,0.0912
199,0.0863,0.0893,0.0911
200,0.0859,0.0908,0.0910
