Epoch,Train SS Loss,Val Loss,Smoothed Val Loss
1,0.9269,0.7435,0.7435
2,0.5218,0.3275,0.3275
3,0.2629,0.2039,0.2039
4,0.2018,0.1757,0.1757
5,0.1690,0.1489,0.1489
6,0.1586,0.1415,0.1415
7,0.1375,0.1396,0.1396
8,0.1218,0.1157,0.1157
9,0.1200,0.1039,0.1039
10,0.1045,0.1026,0.2203
11,0.1053,0.0964,0.1556
12,0.0982,0.0839,0.1312
13,0.0957,0.1062,0.1214
14,0.0920,0.0886,0.1127
15,0.0972,0.1003,0.1079
16,0.0935,0.0935,0.1031
17,0.0923,0.0908,0.0982
18,0.0870,0.0978,0.0964
19,0.0868,0.0909,0.0951
20,0.0849,0.0945,0.0943
21,0.0851,0.0854,0.0932
22,0.0903,0.0852,0.0933
23,0.0860,0.0887,0.0916
24,0.0936,0.0867,0.0914
25,0.0868,0.0838,0.0897
26,0.0900,0.0821,0.0886
27,0.0859,0.0881,0.0883
28,0.0842,0.0906,0.0876
29,0.0860,0.0882,0.0873
30,0.0846,0.0808,0.0860
31,0.0765,0.0846,0.0859
32,0.0908,0.0848,0.0858
33,0.0894,0.0697,0.0839
34,0.0851,0.0868,0.0840
35,0.0764,0.0852,0.0841
36,0.0823,0.0883,0.0847
37,0.0797,0.0871,0.0846
38,0.0831,0.0814,0.0837
39,0.0817,0.0685,0.0817
40,0.0774,0.0828,0.0819
41,0.0825,0.0824,0.0817
42,0.0754,0.0785,0.0811
43,0.0803,0.0825,0.0824
44,0.0815,0.0787,0.0815
45,0.0782,0.0812,0.0811
46,0.0825,0.0763,0.0799
47,0.0794,0.0838,0.0796
48,0.0787,0.0667,0.0781
49,0.0784,0.0767,0.0790
50,0.0732,0.0735,0.0780
51,0.0768,0.0713,0.0769
52,0.0733,0.0652,0.0756
53,0.0714,0.0735,0.0747
54,0.0793,0.0708,0.0739
55,0.0687,0.0655,0.0723
56,0.0706,0.0692,0.0716
57,0.0698,0.0715,0.0704
58,0.0741,0.0633,0.0700
59,0.0710,0.0703,0.0694
60,0.0634,0.0769,0.0697
61,0.0728,0.0831,0.0709
62,0.0658,0.0594,0.0703
63,0.0702,0.0686,0.0698
64,0.0661,0.0712,0.0699
65,0.0659,0.0618,0.0695
66,0.0677,0.0601,0.0686
67,0.0650,0.0712,0.0686
68,0.0650,0.0625,0.0685
69,0.0653,0.0636,0.0678
70,0.0616,0.0745,0.0676
71,0.0603,0.0608,0.0654
72,0.0610,0.0612,0.0655
73,0.0614,0.0548,0.0642
74,0.0635,0.0654,0.0636
75,0.0616,0.0551,0.0629
76,0.0615,0.0591,0.0628
77,0.0604,0.0539,0.0611
78,0.0599,0.0595,0.0608
79,0.0671,0.0615,0.0606
80,0.0575,0.0592,0.0590
81,0.0562,0.0563,0.0586
82,0.0564,0.0564,0.0581
83,0.0576,0.0511,0.0577
84,0.0579,0.0568,0.0569
85,0.0549,0.0547,0.0568
86,0.0558,0.0691,0.0578
87,0.0582,0.0530,0.0578
88,0.0583,0.0519,0.0570
89,0.0566,0.0478,0.0556
90,0.0614,0.0576,0.0555
91,0.0559,0.0523,0.0551
92,0.0537,0.0598,0.0554
93,0.0547,0.0462,0.0549
94,0.0549,0.0521,0.0545
95,0.0566,0.0581,0.0548
96,0.0532,0.0646,0.0543
97,0.0522,0.0523,0.0543
98,0.0574,0.0531,0.0544
99,0.0561,0.0691,0.0565
100,0.0519,0.0552,0.0563
101,0.0575,0.0570,0.0568
102,0.0553,0.0547,0.0563
103,0.0564,0.0552,0.0572
104,0.0575,0.0567,0.0576
105,0.0524,0.0561,0.0574
106,0.0560,0.0575,0.0567
107,0.0533,0.0532,0.0568
108,0.0556,0.0533,0.0568
109,0.0507,0.0540,0.0553
110,0.0516,0.0512,0.0549
111,0.0546,0.0538,0.0546
112,0.0529,0.0605,0.0551
113,0.0555,0.0489,0.0545
114,0.0515,0.0557,0.0544
115,0.0502,0.0469,0.0535
116,0.0528,0.0476,0.0525
117,0.0551,0.0498,0.0522
118,0.0555,0.0555,0.0524
119,0.0524,0.0573,0.0527
120,0.0483,0.0511,0.0527
121,0.0482,0.0455,0.0519
122,0.0517,0.0572,0.0516
123,0.0540,0.0490,0.0516
124,0.0511,0.0501,0.0510
125,0.0543,0.0502,0.0513
126,0.0534,0.0501,0.0516
127,0.0517,0.0547,0.0521
128,0.0534,0.0502,0.0515
129,0.0521,0.0534,0.0512
130,0.0490,0.0496,0.0510
131,0.0485,0.0487,0.0513
132,0.0533,0.0533,0.0509
133,0.0539,0.0524,0.0513
134,0.0517,0.0590,0.0522
135,0.0531,0.0539,0.0525
136,0.0549,0.0473,0.0523
137,0.0498,0.0507,0.0519
138,0.0476,0.0465,0.0515
139,0.0499,0.0474,0.0509
140,0.0483,0.0552,0.0514
141,0.0465,0.0568,0.0522
142,0.0529,0.0478,0.0517
143,0.0500,0.0502,0.0515
144,0.0471,0.0512,0.0507
145,0.0501,0.0541,0.0507
146,0.0486,0.0508,0.0511
147,0.0497,0.0558,0.0516
148,0.0560,0.0487,0.0518
149,0.0501,0.0486,0.0519
150,0.0459,0.0536,0.0518
151,0.0519,0.0455,0.0506
152,0.0508,0.0483,0.0507
153,0.0496,0.0523,0.0509
154,0.0489,0.0428,0.0501
155,0.0495,0.0464,0.0493
156,0.0493,0.0503,0.0492
157,0.0493,0.0506,0.0487
158,0.0480,0.0456,0.0484
159,0.0521,0.0432,0.0479
160,0.0483,0.0526,0.0478
161,0.0511,0.0475,0.0480
162,0.0480,0.0456,0.0477
163,0.0475,0.0462,0.0471
164,0.0497,0.0399,0.0468
165,0.0481,0.0482,0.0470
166,0.0497,0.0497,0.0469
167,0.0466,0.0470,0.0466
168,0.0503,0.0498,0.0470
169,0.0488,0.0434,0.0470
170,0.0468,0.0432,0.0460
171,0.0463,0.0426,0.0456
172,0.0479,0.0457,0.0456
173,0.0480,0.0503,0.0460
174,0.0458,0.0581,0.0478
175,0.0468,0.0501,0.0480
176,0.0483,0.0565,0.0487
177,0.0505,0.0496,0.0489
178,0.0516,0.0467,0.0486
179,0.0468,0.0441,0.0487
180,0.0472,0.0499,0.0494
181,0.0472,0.0452,0.0496
182,0.0478,0.0426,0.0493
183,0.0476,0.0464,0.0489
184,0.0494,0.0506,0.0482
185,0.0509,0.0511,0.0483
186,0.0499,0.0403,0.0467
187,0.0467,0.0397,0.0457
188,0.0493,0.0437,0.0454
189,0.0455,0.0522,0.0462
190,0.0494,0.0518,0.0464
191,0.0490,0.0486,0.0467
192,0.0501,0.0460,0.0470
193,0.0471,0.0479,0.0472
194,0.0477,0.0447,0.0466
195,0.0484,0.0477,0.0463
196,0.0450,0.0408,0.0463
197,0.0443,0.0466,0.0470
198,0.0470,0.0455,0.0472
199,0.0488,0.0494,0.0469
200,0.0424,0.0480,0.0465
