Epoch,Train SLat Loss,Train Reg Loss,Val Loss,Smoothed Val Loss
1,0.1658,0.0000,0.1651,0.1651
2,0.1552,0.0000,0.1553,0.1602
3,0.1546,0.0000,0.1516,0.1573
4,0.1520,0.0001,0.1509,0.1557
5,0.1508,0.0001,0.1525,0.1551
6,0.1498,0.0002,0.1486,0.1540
7,0.1495,0.0003,0.1472,0.1530
8,0.1484,0.0004,0.1506,0.1527
9,0.1482,0.0005,0.1476,0.1522
10,0.1488,0.0007,0.1502,0.1520
11,0.1471,0.0008,0.1484,0.1503
12,0.1484,0.0010,0.1472,0.1495
13,0.1454,0.0011,0.1497,0.1493
14,0.1477,0.0013,0.1458,0.1488
15,0.1462,0.0015,0.1476,0.1483
16,0.1466,0.0016,0.1462,0.1480
17,0.1458,0.0018,0.1491,0.1482
18,0.1483,0.0019,0.1455,0.1477
19,0.1462,0.0021,0.1461,0.1476
20,0.1476,0.0022,0.1488,0.1474
21,0.1454,0.0023,0.1478,0.1474
22,0.1459,0.0025,0.1458,0.1472
23,0.1463,0.0026,0.1466,0.1469
24,0.1468,0.0028,0.1463,0.1470
25,0.1456,0.0029,0.1446,0.1467
26,0.1462,0.0030,0.1470,0.1468
27,0.1456,0.0031,0.1486,0.1467
28,0.1467,0.0033,0.1439,0.1466
29,0.1458,0.0034,0.1488,0.1468
30,0.1458,0.0035,0.1470,0.1466
31,0.1450,0.0037,0.1453,0.1464
32,0.1474,0.0038,0.1461,0.1464
33,0.1459,0.0039,0.1454,0.1463
34,0.1445,0.0040,0.1460,0.1463
35,0.1458,0.0041,0.1462,0.1464
36,0.1445,0.0042,0.1458,0.1463
37,0.1456,0.0043,0.1461,0.1461
38,0.1458,0.0044,0.1450,0.1462
39,0.1448,0.0045,0.1464,0.1459
40,0.1458,0.0046,0.1429,0.1455
41,0.1454,0.0047,0.1454,0.1455
42,0.1453,0.0048,0.1436,0.1453
43,0.1460,0.0049,0.1430,0.1450
44,0.1441,0.0050,0.1433,0.1448
45,0.1448,0.0051,0.1497,0.1451
46,0.1453,0.0052,0.1468,0.1452
47,0.1452,0.0052,0.1457,0.1452
48,0.1454,0.0053,0.1433,0.1450
49,0.1457,0.0054,0.1427,0.1446
50,0.1462,0.0055,0.1478,0.1451
51,0.1457,0.0055,0.1472,0.1453
52,0.1439,0.0056,0.1441,0.1454
53,0.1437,0.0057,0.1443,0.1455
54,0.1455,0.0057,0.1437,0.1455
55,0.1445,0.0058,0.1465,0.1452
56,0.1450,0.0059,0.1444,0.1450
57,0.1459,0.0059,0.1449,0.1449
58,0.1452,0.0060,0.1450,0.1451
59,0.1442,0.0060,0.1468,0.1455
60,0.1428,0.0061,0.1476,0.1455
61,0.1432,0.0061,0.1443,0.1452
62,0.1438,0.0061,0.1473,0.1455
63,0.1438,0.0061,0.1500,0.1460
64,0.1446,0.0062,0.1446,0.1461
65,0.1443,0.0062,0.1429,0.1458
66,0.1448,0.0062,0.1436,0.1457
67,0.1462,0.0062,0.1457,0.1458
68,0.1429,0.0062,0.1439,0.1457
69,0.1442,0.0062,0.1435,0.1453
70,0.1439,0.0062,0.1457,0.1452
71,0.1450,0.0062,0.1452,0.1453
72,0.1451,0.0062,0.1471,0.1452
73,0.1432,0.0062,0.1447,0.1447
74,0.1448,0.0062,0.1459,0.1448
75,0.1447,0.0062,0.1437,0.1449
76,0.1431,0.0062,0.1466,0.1452
77,0.1444,0.0062,0.1450,0.1451
78,0.1438,0.0062,0.1433,0.1451
79,0.1448,0.0062,0.1469,0.1454
80,0.1434,0.0062,0.1476,0.1456
81,0.1448,0.0062,0.1441,0.1455
82,0.1437,0.0062,0.1481,0.1456
83,0.1440,0.0063,0.1460,0.1457
84,0.1436,0.0063,0.1436,0.1455
85,0.1449,0.0063,0.1443,0.1456
86,0.1438,0.0063,0.1462,0.1455
87,0.1439,0.0063,0.1446,0.1455
88,0.1446,0.0063,0.1482,0.1460
89,0.1439,0.0063,0.1463,0.1459
90,0.1440,0.0063,0.1428,0.1454
91,0.1431,0.0063,0.1459,0.1456
92,0.1448,0.0063,0.1439,0.1452
93,0.1436,0.0063,0.1460,0.1452
94,0.1442,0.0063,0.1437,0.1452
95,0.1444,0.0063,0.1440,0.1452
96,0.1459,0.0063,0.1444,0.1450
97,0.1431,0.0063,0.1439,0.1449
98,0.1475,0.0063,0.1429,0.1444
99,0.1443,0.0063,0.1469,0.1444
100,0.1440,0.0063,0.1425,0.1444
