Epoch,Train Loss,Val Loss
1,0.1684,0.1777
2,0.1697,0.1701
3,0.1690,0.1650
4,0.1657,0.1650
5,0.1652,0.1643
6,0.1618,0.1612
7,0.1605,0.1534
8,0.1599,0.1607
9,0.1569,0.1534
10,0.1544,0.1567
11,0.1514,0.1464
12,0.1514,0.1494
13,0.1488,0.1518
14,0.1465,0.1525
15,0.1475,0.1437
16,0.1462,0.1450
17,0.1464,0.1422
18,0.1470,0.1448
19,0.1463,0.1507
20,0.1462,0.1446
21,0.1440,0.1413
22,0.1447,0.1485
23,0.1449,0.1407
24,0.1444,0.1457
25,0.1440,0.1455
26,0.1457,0.1478
27,0.1444,0.1444
28,0.1436,0.1438
