Epoch,Train SLat Loss,Val Loss,Smoothed Val Loss
1,0.9403,0.8404,0.8404
2,0.7174,0.5954,0.5954
3,0.5066,0.4226,0.4226
4,0.3649,0.3138,0.3138
5,0.2642,0.2352,0.2352
6,0.2052,0.1806,0.1806
7,0.1729,0.1593,0.1593
8,0.1544,0.1554,0.1554
9,0.1426,0.1422,0.1422
10,0.1289,0.1151,0.3160
11,0.1198,0.1160,0.2436
12,0.1149,0.1193,0.1959
13,0.1091,0.1226,0.1659
14,0.1014,0.1040,0.1450
15,0.0989,0.0959,0.1310
16,0.1030,0.0907,0.1220
17,0.0907,0.0887,0.1150
18,0.0853,0.0935,0.1088
19,0.0867,0.0873,0.1033
20,0.0835,0.0765,0.0995
21,0.0865,0.0901,0.0969
22,0.0834,0.0876,0.0937
23,0.0817,0.0908,0.0905
24,0.0737,0.0900,0.0891
25,0.0771,0.0837,0.0879
26,0.0803,0.0669,0.0855
27,0.0739,0.0691,0.0835
28,0.0758,0.0705,0.0812
29,0.0764,0.0768,0.0802
30,0.0729,0.0763,0.0802
31,0.0700,0.0728,0.0784
32,0.0717,0.0727,0.0769
33,0.0795,0.0712,0.0750
34,0.0709,0.0720,0.0732
35,0.0694,0.0783,0.0727
36,0.0741,0.0630,0.0723
37,0.0757,0.0692,0.0723
38,0.0693,0.0679,0.0720
39,0.0684,0.0685,0.0712
40,0.0617,0.0641,0.0700
41,0.0718,0.0619,0.0689
42,0.0686,0.0640,0.0680
43,0.0648,0.0646,0.0674
44,0.0657,0.0648,0.0666
45,0.0620,0.0659,0.0654
46,0.0641,0.0585,0.0649
47,0.0682,0.0650,0.0645
48,0.0600,0.0570,0.0634
49,0.0636,0.0579,0.0624
50,0.0676,0.0623,0.0622
51,0.0674,0.0658,0.0626
52,0.0631,0.0607,0.0622
53,0.0618,0.0465,0.0604
54,0.0607,0.0583,0.0598
55,0.0626,0.0527,0.0585
56,0.0580,0.0550,0.0581
57,0.0630,0.0617,0.0578
58,0.0598,0.0656,0.0587
59,0.0593,0.0589,0.0588
60,0.0567,0.0591,0.0584
61,0.0584,0.0600,0.0579
62,0.0582,0.0564,0.0574
63,0.0628,0.0614,0.0589
64,0.0573,0.0610,0.0592
65,0.0586,0.0609,0.0600
66,0.0578,0.0553,0.0600
67,0.0563,0.0612,0.0600
68,0.0643,0.0450,0.0579
69,0.0555,0.0556,0.0576
70,0.0543,0.0500,0.0567
71,0.0536,0.0621,0.0569
72,0.0544,0.0539,0.0566
73,0.0602,0.0558,0.0561
74,0.0542,0.0535,0.0553
75,0.0560,0.0545,0.0547
76,0.0574,0.0688,0.0560
77,0.0552,0.0627,0.0562
78,0.0579,0.0589,0.0576
79,0.0546,0.0503,0.0570
80,0.0581,0.0507,0.0571
81,0.0535,0.0495,0.0558
82,0.0620,0.0570,0.0562
83,0.0600,0.0475,0.0553
84,0.0561,0.0538,0.0554
85,0.0589,0.0598,0.0559
